{"cameraMode":{"drawMode":0,"name":"Shaded","section":"Shading Mode"},"sceneLighting":false,"audioPlay":false,"sceneViewState":{"m_AlwaysRefresh":false,"showFog":false,"showSkybox":false,"showFlares":false,"showImageEffects":false,"showParticleSystems":false,"showVisualEffectGraphs":true,"m_FxEnabled":true},"in2DMode":false,"pivot":{"x":0.004115253686904907,"y":0.8076201677322388,"z":0.10408550500869751},"rotation":{"x":-0.06712637841701508,"y":0.9249934554100037,"z":-0.1942656934261322,"w":-0.31962546706199648},"size":1.0321563482284547,"orthographic":false}